Country,1965,1966,1967,1968,1969,1970,1971,1972,1973,1974,1975,1976,1977,1978,1979,1980,1981,1982,1983,1984,1985,1986,1987,1988,1989,1990,1991,1992,1993,1994,1995,1996,1997,1998,1999,2000,2001,2002,2003,2004,2005,2006,2007,2008,2009,2010,2011,2012,2013,2014,2015,2016,2017,2018,2019,2020,2021,2022,2023,2024
Africa,5.41927,5.7724,5.96376,6.60547,7.50573,8.64954,7.68922,8.27632,8.06872,8.73629,8.7131,8.90637,9.28089,9.00529,8.83978,8.00619,7.40469,6.94473,6.0914,5.81825,6.21781,6.35719,5.8988,6.00912,6.2959,6.21466,6.59287,6.20827,6.07587,5.9586,5.96149,6.07996,6.11155,6.3184,6.49037,6.81282,7.02397,7.23561,6.73131,6.53521,6.64413,6.75912,6.67644,6.37564,6.45455,6.73599,6.81919,6.55443,6.70268,6.99714,7.02267,6.93261,7.17944,7.59858,7.84052,8.81985,8.71522,8.92049,9.21528,9.3541
Africa (EI),5.41927,5.7724,5.96376,6.60547,7.50573,8.64954,7.68922,8.27632,8.06872,8.73629,8.7131,8.90637,9.28089,9.00529,8.83978,8.00619,7.40469,6.94473,6.0914,5.81825,6.21781,6.35719,5.8988,6.00912,6.2959,6.21466,6.59287,6.20827,6.07587,5.9586,5.96149,6.07996,6.11155,6.3184,6.49037,6.81282,7.02397,7.23561,6.73131,6.53521,6.64413,6.75912,6.67644,6.37564,6.45455,6.73599,6.81919,6.55443,6.70268,6.99714,7.02267,6.93261,7.17944,7.59858,7.84052,8.81985,8.71522,8.92049,9.21528,9.3541
Algeria,4.48735,3.31255,4.04235,5.17089,2.99565,4.39534,2.31051,3.08579,3.9327,2.34709,1.29583,1.31723,0.828733,0.612835,0.544376,0.403106,0.472603,0.536457,0.240944,0.482692,0.68443,0.250299,0.486221,0.166454,0.211353,0.119067,0.260826,0.17264,0.329121,0.152741,0.171221,0.121007,0.0699466,0.193708,0.181083,0.0500107,0.0613279,0.0485072,0.214343,0.194495,0.407659,0.15344,0.150416,0.176313,0.200008,0.108031,0.220966,0.21108,0.0607765,0.110373,0.0910188,0.136861,0.232082,0.271234,0.277038,0.282505,0.238047,0.227914,0.226671,0.241681
Argentina,1.03656,1.01697,1.01195,1.15377,1.00123,1.27437,1.19617,1.16348,2.15035,3.41943,3.64394,3.34888,3.6834,4.90342,6.312,9.00626,9.0038,10.5391,10.5974,11.3757,11.9793,11.6309,11.5833,7.94562,7.11589,9.72907,8.57003,9.63976,11.5525,12.5631,11.83,9.64613,11.7813,10.7801,8.60601,11.5567,15.0363,15.3348,13.6133,11.4648,12.0316,12.6778,10.024,9.8718,11.1934,11.092,10.4121,9.7013,10.1341,10.3962,10.2753,9.5864,10.4453,10.8238,11.417,11.8334,10.9475,12.0095,14.1001,14.803
Asia,7.43204,7.07204,6.35278,6.56913,5.94246,5.33874,5.35745,5.16831,4.45331,4.98689,5.12296,4.97153,4.60572,4.56627,4.72284,5.08881,5.38601,5.38584,5.35351,5.05834,5.06847,4.9153,4.78986,5.13549,5.03647,5.05187,4.90861,4.73491,5.02438,4.78013,4.98972,4.75086,4.6364,4.90798,4.67483,4.64941,4.81659,4.72416,4.54767,4.8382,4.66267,4.8526,4.82596,5.31489,5.17666,5.6267,5.56172,6.12373,6.59378,7.14522,7.46091,7.94388,8.36193,8.86181,9.46962,10.1969,10.664,11.397,11.6391,12.8408
Asia Pacific (EI),8.39785,7.95934,7.20072,7.3854,6.66348,6.04048,6.12459,5.89036,5.18592,5.75562,5.84604,5.58252,5.16454,5.08633,5.31981,5.67105,6.00534,5.99027,6.07067,5.77947,5.85851,5.78057,5.42645,5.59974,5.715,5.59781,5.48546,5.14015,5.32152,5.1249,5.36637,5.02817,4.94606,5.27544,5.07245,5.1107,5.35771,5.17135,4.90284,5.20522,5.04304,5.25155,5.28418,6.00286,5.84399,6.28016,6.25569,6.88902,7.44142,8.20223,8.49068,9.0731,9.54433,10.1232,10.5965,11.5156,12.1574,13.0058,13.2127,14.5133
Australia,5.25151,4.78687,4.67097,4.5909,4.79995,5.11517,5.49446,5.28321,5.27386,5.62166,5.94609,5.46922,4.97283,5.19817,4.87399,4.5866,4.65111,4.37539,4.17261,4.35446,4.49208,4.44,4.20129,4.30187,4.10132,4.13704,4.39402,4.38852,4.40695,4.19571,4.00172,3.99975,3.91435,3.81291,3.78578,3.76451,3.65537,3.71085,3.79651,3.82907,4.0951,4.02353,3.78647,3.49913,3.72217,4.08764,5.39196,5.39992,6.17269,5.66272,5.95531,6.7851,6.37347,7.84764,8.40721,10.2922,12.2826,13.247,14.3234,14.7332
Austria,23.9395,24.6603,24.9306,23.9422,21.2117,23.6237,18.6838,18.5605,19.1892,22.6215,23.8793,19.8903,24.109,23.1149,24.6063,25.6167,28.003,29.0154,28.8185,25.4845,28.5064,28.914,30.8686,31.4,31.0841,27.7644,26.5284,29.8279,30.7184,30.0277,30.1402,27.0745,28.264,28.5317,30.6676,31.2677,29.4114,28.9231,24.1205,26.1192,26.3166,26.9898,29.0941,29.577,32.5476,30.1131,29.1582,34.4982,34.0235,35.0167,33.0516,34.0264,33.2127,33.1392,34.1895,36.8799,34.6381,35.1341,40.0221,43.3474
Azerbaijan,1.55337,0.884186,0.912392,0.791428,0.776078,1.76964,1.9545,2.26719,3.63193,2.98078,2.69517,3.24758,3.77881,4.29108,3.31791,3.2335,2.82988,4.41867,4.96323,4.8663,4.86428,4.1138,4.17274,3.90579,4.67276,7.02084,4.77124,3.13323,2.61236,2.28774,2.59563,3.14475,2.86837,2.81745,2.45121,1.79045,1.93033,2.18825,2.29425,4.30314,,,,,,,,,,,,,,,,,,,,
Bangladesh,3.63433,3.2067,4.7343,3.2604,5.69855,5.53215,4.78665,5.21866,5.49199,4.67427,4.72698,3.58289,4.58901,5.75685,4.26404,2.38295,2.48068,2.90899,3.67974,3.33192,3.27374,2.85055,1.97932,2.59866,0.965353,1.83169,1.69598,1.91603,1.82431,1.62483,1.83062,1.45357,1.35263,1.23257,1.12298,1.05083,1.03684,1.2242,0.513171,0.834227,0.995304,0.846017,0.812807,0.686069,0.793176,0.740272,0.856878,0.708117,0.639568,0.652899,0.670576,0.692662,0.789992,1.09532,,,,,,
Belarus,0.0136152,0.011926,0.0117549,0.0115885,0.011982,0.0119226,0.0107549,0.0116612,0.0156208,0.0187022,0.02216,0.0172845,0.0224275,0.0305796,0.0213318,0.0294124,0.0334291,0.030979,0.0299726,0.0323366,0.0350097,0.0339307,0.0473313,0.0974157,0.192785,0.25241,0.24434,0.257389,0.305225,0.29526,0.345556,0.405069,0.726156,0.596018,0.722765,0.943361,1.10641,1.14747,1.02733,0.968826,,,,,,,,,,,,,,,,,,,,
Belgium,0.182991,0.208785,0.15831,0.145643,0.125093,0.12665,0.0703221,0.0888573,0.146857,0.182336,0.148328,0.0876031,0.253549,0.249507,0.276741,0.302452,0.366125,0.207976,0.201437,0.202018,0.177566,0.236841,0.286778,0.269244,0.247203,0.264991,0.248761,0.282797,0.23757,0.264852,0.293775,0.234434,0.240664,0.304831,0.348408,0.418347,0.434005,0.46486,0.473226,0.588985,0.843973,1.1779,1.37813,1.71824,2.49416,3.12545,3.98319,4.99636,5.27973,5.93773,6.55067,6.2645,6.81885,7.26163,7.76998,10.4566,9.20228,10.436,12.1494,11.4544
Brazil,26.3185,26.386,26.6407,24.3846,23.9006,25.2254,25.1841,25.6884,24.6137,25.0816,26.1826,27.343,29.1942,29.5604,31.3702,33.7657,35.2621,36.6758,39.906,41.374,41.8432,41.5825,41.2322,42.2441,42.6853,43.2668,43.7013,44.0174,44.217,43.9321,43.3731,42.8344,42.1475,42.0326,41.7856,40.9391,37.1808,38.8193,40.4493,40.4441,41.2698,41.1465,42.2847,41.3893,44.157,42.5053,42.3777,40.2594,38.4065,37.5664,38.7081,41.5358,41.2936,44.1265,45.178,47.1158,43.6733,47.6599,48.9499,49.616
Bulgaria,4.64639,4.355,3.77012,2.17452,2.75029,2.86055,2.77002,2.59863,3.069,2.4114,2.57399,2.92871,3.32137,2.64288,2.89867,3.07916,3.04692,2.50704,2.73865,2.67834,1.85106,1.88647,2.0421,2.04312,2.13611,1.40075,2.41006,2.1483,1.89139,1.42635,2.22641,2.9678,2.9604,3.46853,3.51627,3.38631,2.04363,2.68116,3.64609,3.93118,4.93746,4.73823,3.30677,3.39123,4.84561,7.25759,4.61848,6.86064,9.69358,9.6336,10.787,9.37014,8.07308,12.0961,10.3802,11.1219,13.2314,12.0261,14.2876,16.4246
CIS (EI),3.27731,3.47516,3.189,3.61187,3.82234,3.93169,3.79931,3.52312,3.33601,3.41173,3.10195,3.2169,3.33502,3.69072,3.6415,3.80893,3.78649,3.45521,3.49422,3.79049,4.51427,4.43931,4.34929,4.43327,4.30232,4.61824,4.71184,5.04224,5.61656,6.26161,6.47867,6.04037,6.37017,6.40638,6.49207,6.57258,6.68867,6.3469,6.1408,6.58099,6.452,6.14117,6.18432,5.59405,6.11978,5.80053,5.42936,5.32253,5.78848,5.50123,5.48002,5.82565,5.85733,5.70349,5.83868,6.40692,6.27756,5.78746,5.85702,6.15639
Canada,23.9806,25.0043,24.4377,23.3377,24.3516,23.8712,23.7794,24.7174,24.3918,25.6125,24.9752,25.1512,24.6492,25.8658,26.0998,26.3367,28.155,28.1677,29.2309,29.5798,30.3202,30.752,30.3678,28.3786,26.6311,28.2516,29.2523,29.262,29.2092,28.7054,28.6641,29.6285,29.0442,28.09,28.3635,28.5362,27.032,27.3349,26.0204,25.7003,27.0425,27.2076,26.53,27.374,27.9932,26.5665,27.4194,27.8629,27.7449,27.0257,27.7334,28.4597,28.6496,27.6639,27.4069,29.4573,29.1131,29.4967,27.8578,27.1566
Central America (EI),8.63209,9.16917,9.88359,10.5262,11.1056,12.0083,12.0811,12.2465,11.7684,12.4191,11.3315,12.7139,11.9485,14.8333,16.6058,19.4489,21.6866,21.5187,22.7951,24.8018,25.8535,28.5083,27.8482,29.5934,30.6467,30.9483,28.807,26.2716,26.6139,24.3026,22.3743,24.9622,23.2105,20.6287,24.1333,24.4109,21.7691,22.5005,22.4827,22.9297,24.2069,24.1021,23.4812,24.7935,24.6456,26.4563,25.773,26.9556,26.6867,26.6865,26.2044,26.2717,27.9625,28.6097,24.9578,31.8928,31.0282,30.3908,26.6688,27.3449
Chile,15.3133,15.0501,15.0709,12.6602,13.2634,13.4468,14.0941,16.4376,16.5735,18.8023,20.8962,20.858,21.0562,21.1018,20.5238,21.0234,21.6583,25.4374,26.6065,26.5513,29.0626,30.1145,31.0308,27.3159,20.7587,18.0807,23.0184,27.1866,26.3802,24.8511,24.9208,21.5497,20.9214,17.1961,14.538,18.8561,21.0608,21.8341,21.012,18.554,21.0828,21.9146,18.5723,20.6472,21.9759,18.9415,17.6717,17.9755,18.0244,19.5193,21.0001,19.3412,21.4263,23.4264,22.5409,24.8737,23.4211,26.0793,30.347,32.2544
China,4.00595,3.75078,3.5953,4.19999,3.50943,2.83236,2.8897,3.03793,3.21658,3.53014,3.29848,3.17466,3.03898,2.59657,2.83171,3.35732,3.82948,4.16447,4.54444,4.25343,4.18389,4.08633,4.00797,4.07174,4.20863,4.45045,4.1681,4.15692,4.483,4.66764,5.23907,4.84893,5.0569,5.11907,4.89257,5.33569,6.25141,5.92187,5.00134,5.28943,5.23874,5.26676,5.40653,6.87242,6.55985,7.1947,6.69676,8.06756,8.47383,9.68968,10.2776,11.1131,11.6656,12.2244,12.786,13.3957,14.195,15.218,15.5053,17.4724
Colombia,10.1448,10.0133,10.5952,11.3778,12.5037,12.7037,13.6349,13.0958,14.7517,14.9753,17.9524,18.1022,17.8761,19.64,20.7289,21.7084,21.1072,21.9322,20.9881,23.1299,24.0867,26.5739,26.4741,27.9576,28.9798,31.2011,30.6306,23.8016,27.3688,29.116,28.4156,30.151,26.4318,25.5646,29.9999,28.2393,28.5721,30.4391,31.6404,31.6894,32.7826,30.936,31.46,31.2667,28.7709,27.4038,31.3707,29.0231,26.2668,25.3077,25.5446,24.3625,28.7872,27.9082,26.7538,27.1107,29.6658,28.3839,27.398,26.0929
Croatia,10.9027,18.5743,15.1731,15.2636,18.0187,18.2121,23.5577,17.6174,17.1571,20.2196,18.7936,19.7845,15.9397,14.1145,18.9379,17.5691,16.6442,11.7454,14.4696,18.7589,22.7159,14.7134,16.0741,25.5594,27.2491,21.6506,22.7945,19.3457,25.9358,23.2695,25.0331,28.6825,25.0528,29.5864,27.7782,,,,,,,,,,,,,,,,,,,,,,,,,
Cyprus,0.01,0.01,0.01,0.01,0.01,0.01,0.01,0.01,0.01,0.01,0.01,0.01,0.01,0.01,0.01,0.01,0.01,0.01,0.01,0.01,0.01,0.01,0.01,0.01,0.01,0.01,0.01,0.01,0.01,0.01,0.01,0.01,0.01,0.01,0.01,0.01,0.01,0.01,0.01,0.00655199,0.00707522,0.0119515,0.0577138,0.58795,0.772909,1.09489,1.99975,2.77106,3.68013,3.36861,3.96736,3.79393,3.75061,3.98377,4.43195,6.38799,7.38755,7.76538,9.26629,10.7954
Czechia,1.3236,1.23826,1.13354,0.840987,0.658362,0.902235,0.60626,0.630793,0.536238,0.892961,0.855536,0.663397,0.873808,0.801693,0.994141,1.07412,0.929601,0.762091,0.754052,0.572315,0.735527,0.816981,1.04991,0.890118,0.718764,0.590893,0.608996,0.812107,0.909892,1.10431,1.44526,1.32269,1.37932,1.31008,1.62896,1.52507,1.61821,1.88368,1.17324,1.53773,1.69454,1.90166,1.88664,2.3114,3.14095,3.75865,4.74546,5.19921,6.01879,6.23134,6.43967,6.5016,6.31241,6.17874,6.74368,7.53856,7.27512,7.49578,8.38592,9.74592
Denmark,0.0417827,0.0382017,0.0365268,0.0293629,0.0267981,0.0274365,0.0290321,0.0275098,0.0284335,0.0312535,0.0277466,0.0228041,0.0305787,0.0347783,0.0406562,0.0531819,0.0610678,0.0677826,0.142797,0.144473,0.155087,0.264005,0.351849,0.542487,0.84167,1.20362,1.39057,1.94915,2.26091,2.03414,2.209,2.0934,3.22793,4.45629,5.14346,6.75939,7.06491,8.19698,9.05427,11.2405,11.9555,10.2424,11.9532,12.0953,12.8436,14.9726,18.5249,21.232,21.8564,25.3053,27.0248,26.0051,30.5014,29.3798,30.183,34.6725,38.8095,40.7916,40.9381,41.7222
Eastern Africa (EI),15.6931,17.0141,16.0046,15.8485,16.2101,20.6983,16.4979,19.4164,18.7783,22.7126,24.6227,25.4214,28.8373,28.1352,29.5665,26.854,28.2382,29.6114,29.0587,29.4092,29.1793,28.2217,24.2285,25.0806,24.3703,25.4533,27.2245,25.3046,24.3986,24.45,24.7494,24.8976,24.6556,29.8976,30.6761,32.4435,32.9706,34.8314,35.6975,34.1093,33.3868,33.877,34.6157,34.3212,33.8607,34.5462,33.9933,33.6928,32.8919,32.45,31.8028,30.5302,29.6738,29.8159,29.5729,32.7369,31.9299,32.0073,31.5616,31.872
Ecuador,8.03115,8.73668,8.89717,7.86576,8.21763,7.65283,7.56677,7.32316,6.68548,6.58298,8.17232,7.14634,5.53701,7.51387,6.46334,6.26515,5.04221,5.27255,10.3857,17.6119,15.0849,17.6373,19.516,17.825,17.7426,17.2958,15.9267,15.6837,17.6985,18.3939,15.2672,16.5023,15.2461,15.1009,18.2986,20.5735,18.7372,20.0604,18.5719,17.8182,15.7501,15.4348,18.6277,21.549,18.0113,15.1373,18.2747,18.9092,16.519,16.4505,18.7557,22.6009,27.1956,26.2359,30.3817,34.6236,31.0379,28.4264,27.9742,25.3576
Egypt,5.26707,5.27383,6.64321,9.41014,15.2564,14.3777,15.0606,13.8717,14.6585,15.3145,15.3313,15.1043,15.7246,16.3634,14.4762,12.9717,11.8572,10.9103,9.4326,8.48154,7.76599,7.44594,7.01794,6.80693,6.93919,7.09741,6.97936,6.96452,7.1681,7.24523,7.13351,6.94658,6.83483,6.74986,6.99151,6.99806,6.82403,6.40548,5.59883,5.3169,5.07282,4.87558,5.06055,5.10059,4.52481,4.19774,4.06337,3.92031,3.90926,3.91266,4.06172,3.86981,3.62747,3.83208,4.63821,5.96818,5.90751,5.68722,5.80363,5.77801
Estonia,0.01,0.01,0.01,0.01,0.01,0.01,0.01,0.01,0.01,0.01,0.0301617,0.02367,0.0384456,0.0642854,0.0962778,0.33476,0.154197,0.179767,0.211348,0.277969,0.477219,0.583497,0.568116,0.871048,2.72237,4.38012,4.84675,5.99978,4.70338,5.62208,6.65834,6.50804,6.8997,7.79844,10.3763,15.3518,14.2971,13.2408,14.3054,17.9463,,,,,,,,,,,,,,,,,,,,
Europe,5.56415,5.81283,5.5632,5.61576,5.35694,5.35691,5.24313,5.10947,4.90413,5.23505,5.1758,4.71943,5.40694,5.38952,5.42298,5.4385,5.54049,5.39128,5.50695,5.55334,5.54042,5.35473,5.51515,5.66782,5.17837,5.27083,5.45413,5.81831,6.18788,6.5733,6.63979,6.21302,6.61523,6.8916,7.08337,7.39004,7.43398,6.95925,6.6064,7.1634,7.37233,7.39666,7.90674,8.39336,9.24425,9.56691,9.52567,10.5704,11.502,12.1162,12.4209,12.5403,12.5432,13.2247,13.6948,15.8246,15.461,15.6074,17.2433,17.8487
Europe (EI),6.84804,7.16322,6.96589,6.77644,6.23002,6.14652,6.04906,6.00422,5.76998,6.32206,6.52112,5.71858,6.7827,6.53533,6.62678,6.60792,6.8682,6.92468,7.0675,6.96514,6.04054,5.76106,6.13321,6.50544,5.71477,5.76627,5.97875,6.38945,6.78129,7.03048,7.01334,6.66976,7.02732,7.37817,7.54285,7.86836,7.79594,7.4165,7.0816,7.69585,7.92207,8.06922,8.59744,9.35251,10.2946,11.0417,11.1633,12.5953,13.6393,14.4033,15.0325,15.0979,14.9938,16.1089,17.0197,19.5733,18.8914,19.8172,22.1957,23.1896
European Union (27),6.34456,6.70404,6.26056,5.97335,5.4293,5.37392,5.18174,5.1514,4.85851,5.29682,5.36991,4.43213,5.76075,5.4072,5.46548,5.29854,5.38658,5.41145,5.50032,5.41941,5.27179,4.93752,5.28551,5.53994,4.56677,4.80117,5.0662,5.3822,5.59606,5.7975,5.68515,5.50966,5.81409,6.04924,6.11866,6.50144,6.77574,6.11184,6.07106,6.63224,6.68651,7.0833,7.71387,8.49501,9.5981,10.4757,10.6874,12.1314,13.2079,14.1176,14.2211,14.2327,14.0292,15.0978,15.8124,18.4475,17.8116,18.6008,21.2943,22.2908
Finland,22.8459,22.266,23.7233,19.6663,14.8714,14.6978,16.0661,14.7974,13.6765,17.1573,16.222,11.846,14.4238,11.1568,11.4598,10.8153,14.3719,13.9542,14.6286,13.6876,12.1325,12.0474,12.7459,12.4244,12.0592,14.4704,15.9936,17.6475,17.0668,15.3382,17.2082,14.9453,16.8527,19.7551,17.504,19.1627,17.238,15.8421,14.2476,18.999,19.045,17.1173,18.3514,21.7948,18.6151,19.1225,20.4778,24.392,22.1497,24.1949,27.5153,25.9353,27.9902,27.9903,28.5909,32.5881,35.036,34.8967,35.888,38.8944
France,9.72761,10.6966,8.80166,9.34801,8.94207,8.88131,7.42645,6.99003,6.29355,7.52802,8.47563,6.48463,9.90955,8.58265,8.12334,8.55539,9.02458,9.16438,8.83394,8.10024,7.40957,7.30924,8.05381,8.61663,5.27152,5.93629,5.94082,7.0186,6.62402,8.12928,7.39587,6.50607,6.4471,6.11982,7.02046,6.40931,7.07225,5.87939,5.67474,5.68358,5.12181,5.70246,6.35592,7.31892,7.40899,7.88173,6.92994,8.71442,9.85745,9.88469,9.56842,10.362,9.8032,11.5131,11.7539,13.9716,12.9142,13.7259,15.8667,16.4654
Germany,1.51814,1.6378,1.55936,1.48208,1.1148,1.42982,1.11252,1.05825,1.1445,1.33774,1.35376,1.05808,1.31788,1.3295,1.2699,1.39672,1.48689,1.52866,1.4161,1.35821,1.24971,1.3333,1.42633,1.41908,1.32361,1.26395,1.20205,1.43796,1.49771,1.64612,1.78781,1.59311,1.70876,1.86775,2.11201,2.73815,2.79769,3.36545,3.47666,4.31567,4.99235,5.79701,7.36963,7.52273,8.14682,8.46544,10.1679,11.4599,11.6032,12.8399,14.3184,14.1012,15.3878,16.2628,17.8112,20.0172,18.0825,20.3292,23.603,23.968
Greece,2.81636,5.56585,4.84868,3.84253,5.47018,6.31824,5.33208,4.79635,3.4587,3.7357,2.8279,2.38617,2.35353,3.59857,4.89411,4.71743,4.8308,4.98208,3.25196,3.81067,3.53511,4.06979,3.19767,2.57665,1.9082,1.71412,2.96085,2.07439,2.15671,2.40041,3.13148,3.76012,3.26492,2.9708,3.73282,3.09181,2.16449,2.62108,4.05153,4.05027,4.33495,5.1487,3.17061,3.90826,5.67482,7.69592,6.05783,7.96702,11.7948,10.7455,12.7956,12.9752,11.4491,13.1635,13.4762,16.7849,19.1996,18.7826,20.7542,21.0549
High-income countries,6.55179,6.59174,6.49567,6.26547,6.13811,5.97373,6.08218,6.04701,5.74796,6.39829,6.52416,5.95154,5.86116,6.11736,6.19876,6.34262,6.5459,6.94527,7.25149,6.98302,6.46679,6.3945,6.20036,6.02588,5.86529,6.08792,6.1812,6.14728,6.41843,6.27111,6.50473,6.37388,6.55479,6.45838,6.44773,6.42537,6.1406,6.16907,6.05016,6.19033,6.32309,6.50202,6.57841,6.99445,7.59405,7.62719,8.0822,8.50488,8.93497,9.19089,9.45344,9.77622,10.1072,10.3726,10.7288,12.2228,12.0704,12.4506,13.1588,13.733
Hong Kong,0.01,0.01,0.01,0.01,0.01,0.01,0.01,0.01,0.01,0.01,0.01,0.01,0.01,0.01,0.01,0.01,0.01,0.01,0.01,0.01,0.01,0.01,0.01,0.01,0.01,0.01,0.01,0.01,0.01,0.01,0.01,0.01,0.01,0.01,0.01,0.01,0.01,0.01,0.01,0.01,0.01,0.000649379,0.000756718,0.000752789,0.000933929,0.0528915,0.136636,0.0606064,0.160253,0.150702,0.204579,0.205576,0.209101,0.240127,0.252915,0.462096,0.65413,0.926665,1.04766,1.0481
Hungary,0.112636,0.148192,0.127337,0.133209,0.132777,0.11416,0.12062,0.133864,0.113504,0.0883229,0.167888,0.159074,0.136618,0.118308,0.126402,0.0966728,0.146497,0.138036,0.136987,0.155775,0.129309,0.1291,0.13569,0.138962,0.133382,0.169841,0.203919,0.201754,0.209719,0.20793,0.219557,0.250977,0.269282,0.214148,0.244715,0.249204,0.256384,0.23766,0.345416,0.984593,1.88239,1.55686,2.04238,3.09454,3.94652,3.99902,3.67172,3.80686,4.11505,4.81987,4.59273,4.5672,4.45448,4.84008,5.63199,6.80651,7.72425,8.95731,10.8857,12.706
Iceland,23.8306,22.1048,23.7853,23.2368,29.3211,40.2115,40.2264,41.1348,43.5691,45.9018,47.0369,48.4905,49.0721,48.6153,50.9826,54.4673,55.3887,60.156,61.4546,60.7388,60.1578,60.8701,60.3669,60.8461,59.5704,59.0827,60.2947,59.7037,59.7771,59.7737,60.3331,58.5789,61.0434,63.5587,66.5657,67.0538,68.9861,69.0603,69.0092,68.2832,68.1118,70.7601,74.3372,81.0164,82.4912,83.047,83.3196,83.6989,83.2811,83.0118,82.1684,80.357,79.3032,78.6996,80.8431,86.1264,84.4943,82.0753,81.8433,80.4981
India,8.64287,8.75806,9.50695,10.2671,10.2833,11.1507,11.7631,10.8444,11.3163,10.2715,11.4214,11.3922,11.753,14.0481,12.8264,12.7432,12.261,10.4371,9.55796,10.0008,9.1398,8.66166,7.58223,7.77133,8.25714,8.06839,8.53088,7.68687,7.58807,8.18742,7.25806,6.40845,6.20208,6.9714,6.73485,6.0416,5.69308,5.21753,5.14373,6.88662,6.35904,7.13375,7.27644,6.71201,5.9647,6.05677,6.96714,6.20846,6.74999,6.8288,6.3568,6.36976,6.79277,7.30738,8.10807,8.89271,8.65678,9.42121,8.86095,9.14644
Indonesia,6.02221,7.8977,8.98147,10.4123,9.64321,10.9462,3.76779,3.17585,3.55376,3.67448,3.14594,1.75606,2.20868,1.40155,1.36923,1.15371,1.07229,1.14733,1.62909,1.61565,1.86304,2.81089,2.73963,2.85065,3.20819,3.59692,3.66105,4.21919,3.68624,3.40401,3.44485,3.41475,2.45149,3.92677,3.78801,3.69895,4.09585,3.64672,3.19532,3.41548,3.4937,3.23363,3.37397,3.61976,3.73594,4.41732,3.5536,3.5767,4.53377,4.70763,4.00309,5.80976,5.51773,8.02904,8.61293,10.6435,11.076,10.2078,10.6952,10.9542
Iran,4.924,4.85443,4.75021,4.64673,4.55731,4.15883,4.08069,4.72915,3.34931,3.253,2.93085,2.91312,2.65835,4.26339,3.42155,3.82781,4.16508,3.87172,3.18965,2.75898,2.54884,3.25299,3.36419,3.48055,2.59806,2.53133,1.77145,2.63093,3.25505,1.90128,2.1884,2.13028,1.39256,1.68535,1.08093,0.759674,0.769729,1.35598,1.58358,1.7741,2.01415,2.35347,2.13858,0.867441,0.767222,1.10607,1.10876,1.28413,1.42331,1.34901,1.23023,1.34434,1.46221,0.864344,2.6407,1.80233,1.13962,1.11193,1.67955,1.43262
Iraq,0.854279,1.01674,1.15082,1.30906,1.2494,1.22365,1.29732,1.10741,1.63367,2.30176,2.42729,1.92135,2.26357,2.67056,3.10972,1.89361,1.79076,1.7005,1.48026,1.35809,1.18383,1.01084,3.71938,3.2108,2.82724,5.45338,3.98235,6.11391,5.43012,4.86247,5.56449,5.06452,4.34859,5.43725,4.32465,2.75723,2.84195,3.65597,4.27419,4.79427,4.27944,4.46632,4.02943,2.23995,2.19123,2.40376,2.1771,2.57212,2.45642,1.5439,1.39966,1.7088,0.933533,0.877061,1.98172,1.88668,1.48388,1.09452,0.598087,0.584281
Ireland,3.87699,3.11721,2.71754,2.22809,1.68179,2.94619,1.643,2.29631,2.03634,2.475,1.75042,1.94357,2.28889,2.06235,2.21317,2.31964,2.44347,2.29462,2.26084,2.01198,2.34033,2.37766,1.75515,2.24256,1.7408,1.6441,1.69399,1.85831,1.72662,1.99465,1.51697,1.51086,1.56285,2.09421,1.90749,1.92023,1.56964,2.10639,1.77484,2.12253,2.71616,3.45134,3.9341,5.20251,6.70378,6.1491,9.03167,8.861,9.64754,10.9377,12.506,11.5372,13.6925,15.142,17.3902,20.8191,17.7986,19.4202,21.8195,22.1803
Israel,0.01,0.01,0.01,0.01,0.01,0.01,0.01,0.01,0.01,0.01,0.01,0.01,0.01,0.01,0.01,0.01,0.00590038,0.00546037,0.00272848,0.005244,0.00565436,0.0161261,0.0250628,0.0233842,0.00670555,0.00645321,0.0126958,0.0525849,0.0434128,0.0368098,0.0355753,0.0329556,0.0313932,0.0298315,0.0379941,0.0378734,0.0243162,0.0884002,0.099254,0.0939794,0.11717,0.067736,0.0599194,0.0687278,0.148859,0.221599,0.352627,0.501682,0.583445,0.987409,1.26942,1.74573,1.75019,1.89044,2.90273,4.02403,4.88874,5.38734,7.82987,9.79484
Italy,13.7614,13.1791,11.8418,11.0709,9.99481,8.9839,8.28093,8.22419,7.22236,7.34959,8.02874,7.26312,9.22829,8.09688,7.92457,8.04394,7.75854,7.6608,7.79805,7.85619,7.54812,7.3845,6.94972,6.98365,5.77152,4.5676,6.1246,6.1287,6.15436,6.57399,5.38605,5.98337,5.92822,5.95878,6.54303,6.85282,7.29496,6.45259,6.05958,6.89304,6.1606,6.42709,6.17299,7.80282,10.1266,10.9207,11.9124,13.4991,16.9598,18.5167,16.6599,16.4119,15.6747,17.0592,17.4122,19.3994,18.0139,15.9511,18.8538,20.9306
Japan,11.6217,10.6759,8.20838,7.98211,7.01863,6.17323,6.57904,6.20965,4.43875,5.55068,5.6607,5.44252,4.78591,4.52039,5.12854,5.81252,5.86429,6.31237,6.3969,5.44398,6.05629,6.01371,5.46763,6.13787,6.12254,5.36783,5.59955,4.80495,5.3479,3.88725,4.48332,4.37095,4.77299,4.96142,4.66413,4.60254,4.50825,4.5137,5.09841,5.02281,4.52029,5.01063,4.49893,4.56085,4.75556,5.40429,5.44695,5.37916,5.82896,6.60449,7.68523,7.593,8.0285,8.64989,8.87098,10.4575,10.8141,11.1542,11.9651,12.697
Kazakhstan,1.82036,1.633,1.91471,2.25377,2.38811,2.38445,2.33314,2.25382,2.83782,3.83559,3.87491,3.91701,3.93825,3.94963,4.19683,5.67853,5.3821,5.7665,5.07366,4.4628,4.19637,3.83174,3.61296,3.10381,3.17961,3.42571,2.94843,2.70254,2.70919,2.74334,3.77029,4.24565,3.81538,3.4451,3.44711,4.0142,3.77967,3.99513,4.17865,5.11987,,,,,,,,,,,,,,,,,,,,
Kuwait,0.01,0.01,0.01,0.01,0.01,0.01,0.01,0.01,0.01,0.01,0.01,0.01,0.01,0.01,0.01,0.01,0.01,0.01,0.01,0.01,0.01,0.01,0.01,0.01,0.01,0.01,0.01,0.01,0.01,0.01,0.01,0.01,0.01,0.01,0.01,0.01,0.01,0.01,0.01,0.01,0.01,0.01,0.01,0.01,0.01,0.01,0.01,0.01,0.000103765,0.00190767,0.00274951,0.0263224,0.0284882,0.0284528,0.034755,0.0373401,0.111312,0.0928032,0.0838698,0.0756297
Latvia,7.82385,8.48561,11.4857,9.86225,11.8702,14.555,11.5022,12.3178,16.3196,19.4006,18.4074,12.4833,19.7793,26.6605,19.9632,20.8909,19.3821,16.6682,15.7831,19.121,19.7304,16.8841,16.497,18.4944,21.616,19.8872,18.8599,24.0229,21.7309,18.9583,18.6632,21.1343,29.6069,22.3867,19.8941,24.8937,24.165,26.6459,31.7764,29.6691,,,,,,,,,,,,,,,,,,,,
Lithuania,0.606795,0.643116,0.578348,0.585264,0.540746,0.589822,0.45692,0.662367,1.06386,1.41775,1.05086,0.843085,0.82221,1.08301,1.31412,1.20934,1.00998,1.00999,0.896301,1.14371,1.36321,1.5711,2.22057,2.40341,2.73678,4.49444,5.08931,5.6542,7.55623,7.88527,8.30786,9.4684,10.8921,9.53297,10.4356,11.3563,12.011,14.3821,18.7191,23.4139,,,,,,,,,,,,,,,,,,,,
Lower-middle-income countries,8.11966,7.8678,8.37571,9.10069,9.53118,10.018,10.7075,10.1586,10.2644,9.87924,10.7056,11.0657,11.3447,13.2395,12.3797,12.4846,12.3049,10.966,10.3842,10.9043,9.2082,8.72838,8.24343,8.48398,8.75525,8.68599,8.93763,8.45923,8.50424,8.94102,8.24698,7.84993,7.23011,7.88842,7.79413,7.17819,6.99615,6.62123,6.74487,7.54831,7.13358,7.74022,7.76328,7.27385,6.88753,6.84923,7.55478,6.82464,7.74959,7.71621,7.22956,7.29292,7.79745,7.98927,8.30564,9.23319,9.35532,10.1537,9.64025,9.94872
Luxembourg,0.574399,0.539409,0.618144,0.583732,0.471961,0.502422,0.295317,0.33771,0.28125,0.409123,0.425528,0.267663,0.655649,0.619579,0.655221,0.735494,0.9379,0.909058,0.950944,0.948245,0.773411,0.926432,1.16313,1.07138,0.723574,0.628799,0.694035,0.577638,0.572263,0.733484,0.900302,0.616099,0.85455,1.22357,0.990293,1.29588,1.18628,0.975445,0.871749,1.0565,1.10837,1.32132,2.48396,2.58451,2.55448,2.42786,2.49068,2.90206,3.55128,4.24203,4.90307,5.29694,6.52632,6.9643,7.71818,10.6048,9.92776,11.0347,12.5722,14.2784
Malaysia,4.94389,5.03879,4.91526,5.27244,6.06349,7.58018,5.89903,5.84259,5.32226,4.76477,4.61478,3.89662,2.7001,2.38101,2.52867,3.08831,3.31114,2.97534,3.01664,5.5323,6.09741,6.07505,7.10468,7.79646,6.43342,4.64454,4.09635,3.49661,3.93688,4.9559,4.34287,3.2412,2.24776,2.49779,3.96476,3.47155,2.96441,2.44193,2.12355,2.18984,2.15476,2.24248,2.06321,2.52697,2.48783,2.2016,2.70347,2.87666,3.32761,3.6789,3.84898,4.96074,6.31181,6.33173,6.43076,7.17484,7.64554,7.8326,8.11664,8.2818
Mexico,8.43892,9.10243,9.72829,10.2531,9.90331,10.3853,9.58694,9.24208,9.13021,8.62586,7.38452,7.88326,8.28989,6.25734,6.41734,5.51505,7.15427,6.50866,6.00589,6.50079,7.44334,6.35488,5.93773,6.57407,7.04767,6.38464,5.98439,6.83609,6.82849,5.18147,6.73938,7.22658,6.07487,5.5741,6.89965,6.66458,5.90959,5.12488,4.41045,4.98939,5.00469,5.17759,4.8455,6.04278,4.55876,5.95263,5.60227,5.19353,4.83402,6.42619,5.86166,5.73122,5.77011,6.34258,6.64105,8.66819,9.53789,9.2428,7.92767,8.25097
Middle Africa (EI),29.2978,29.6431,28.0473,28.1517,29.2185,31.1041,29.1684,28.805,27.8896,26.6814,30.9494,30.4416,29.3964,26.4693,26.9163,27.0865,26.9667,28.9603,27.5982,30.3894,30.69,32.0178,31.3867,30.3133,34.352,33.2892,34.1921,36.1725,34.3508,33.7673,36.2486,36.273,33.9505,34.4676,34.439,34.568,34.3498,32.6121,31.2521,29.7189,31.2967,31.462,27.9244,27.0408,25.2079,23.5213,22.7607,20.2072,20.3878,20.9812,20.9653,21.6957,24.3749,26.3608,27.0407,31.0665,28.8749,28.16,29.6393,29.9081
Middle East (EI),1.2104,1.2634,1.32796,1.36993,1.4258,1.40849,1.37332,1.55216,1.15547,1.39431,1.58519,1.63486,1.61169,2.10281,1.76178,1.83831,1.78349,1.67892,1.47211,1.32242,1.25726,1.27165,1.50035,1.45695,1.22139,1.42006,0.988686,1.45943,1.59676,1.1861,1.29652,1.26035,1.02153,1.07493,0.725682,0.626331,0.641929,0.870691,0.916694,1.04941,1.0194,1.13687,1.02282,0.489796,0.429428,0.564924,0.573767,0.649817,0.690057,0.586025,0.497926,0.598739,0.629508,0.503426,1.27762,1.14754,0.974467,1.05755,1.49786,1.57735
Morocco,19.2061,12.6218,10.5787,11.1904,13.211,12.4076,13.1913,12.8116,8.59079,9.01625,6.73111,6.0981,7.44254,7.27271,7.2853,6.95546,4.84023,2.6199,2.14516,1.61022,2.07005,2.64923,3.30129,3.54614,3.98549,4.1059,4.07441,2.86067,1.29961,2.23705,1.65838,5.09176,5.21363,4.33398,1.93644,1.85149,2.32844,2.18493,3.44282,3.27256,1.95379,1.89531,1.92662,1.78045,4.43129,5.53239,3.42098,2.92268,4.79597,4.18678,5.07152,5.25784,4.97195,6.69891,7.10961,7.1415,7.12645,6.61561,7.97416,8.67347
Netherlands,0.01,0.01,0.01,0.01,0.01,0.01,0.01,0.01,0.01,0.01,0.305057,0.303745,0.307522,0.421021,0.372204,0.367025,0.410086,0.10837,0.0940141,0.0066644,0.168549,0.201452,0.249903,0.300803,0.335436,0.272986,0.310104,0.32962,0.363242,0.413615,0.441821,0.546304,0.616163,0.703063,0.769716,0.895477,0.957701,1.14999,1.1243,1.45218,2.01344,2.23991,2.341,2.81652,3.32309,3.03869,3.54562,3.67023,3.61031,3.65127,4.03119,4.13872,4.79466,5.50514,6.70858,9.73489,11.4829,14.4168,16.6303,18.1193
New Zealand,38.2323,38.4951,38.7177,40.0604,39.0581,37.7019,40.4376,39.9863,37.9842,39.8145,42.6402,38.5242,35.8639,38.3423,43.5816,45.7172,46.1939,41.8549,43.1917,42.2045,40.3656,41.7111,40.9444,41.0095,40.2586,40.2727,39.2926,36.4017,39.0937,40.0723,40.821,38.3326,34.5846,37.698,34.5796,35.3639,31.7667,34.1394,33.3655,36.9903,33.7873,34.0471,34.7012,33.8356,37.3617,38.3114,39.1868,36.6962,36.7689,37.4523,38.1431,38.8171,37.0854,38.0975,36.8997,39.2753,40.3165,43.2949,42.2646,42.5544
Non-OECD (EI),4.55217,4.68093,4.56712,4.96752,5.07945,5.20248,5.13149,5.10977,5.02924,5.2869,5.19995,5.29662,5.45528,5.70564,5.81788,6.1357,6.19337,6.03578,6.10484,6.34915,6.52858,6.60248,6.51369,6.61585,6.65269,6.73851,6.9525,7.03302,7.43264,7.80976,7.99281,7.81395,7.88208,8.16933,8.08018,8.0559,7.95582,7.76838,7.35878,7.54199,7.44729,7.42044,7.43332,7.76926,7.8009,8.01507,7.80006,8.14219,8.56857,8.96872,9.09986,9.58952,9.9314,10.4123,10.8424,11.5997,11.884,12.5504,12.8143,13.7836
North America,5.87331,5.81989,6.10623,5.85884,6.17938,6.03115,6.22257,6.26413,6.15818,6.82208,6.84026,6.50259,5.71094,6.41094,6.45821,6.68369,6.93836,7.66289,8.10352,7.92697,7.71225,7.83607,7.24155,6.6102,6.89932,7.29634,7.39306,7.09567,7.33724,6.97862,7.44529,7.77011,7.70729,7.19857,7.27201,6.83995,6.158,6.65238,6.60407,6.53739,6.78415,7.09955,6.89204,7.58906,8.19338,8.12783,9.08724,9.18911,9.34792,9.45292,9.69477,10.3593,11.0274,10.8451,11.0663,12.4782,12.4111,13.0362,12.9648,13.5617
North America (EI),5.89575,5.84008,6.13293,5.87858,6.20259,6.05811,6.23221,6.28301,6.18127,6.85416,6.87166,6.51612,5.71255,6.41342,6.45137,6.67186,6.9238,7.65629,8.09219,7.90686,7.67224,7.78152,7.17374,6.52271,6.82471,7.22227,7.3245,7.03176,7.28215,6.93569,7.4168,7.73558,7.68386,7.16995,7.21286,6.79011,6.11504,6.61941,6.5679,6.49478,6.74525,7.08116,6.87297,7.56888,8.18659,8.10324,9.09081,9.1676,9.32211,9.43306,9.67418,10.3429,10.9972,10.7981,11.0565,12.4246,12.3424,12.9887,12.9559,13.5592
North Macedonia,4.61216,8.04069,7.82967,4.80356,6.81759,7.80494,7.12724,8.37455,8.91889,11.962,10.6077,5.98061,7.34776,11.7974,12.8222,12.4085,13.4092,8.21249,7.04867,10.8495,18.9233,11.0845,8.63599,13.6828,11.8569,17.6729,17.2407,11.2006,16.3508,10.9027,13.3962,14.3481,13.0529,16.8328,16.0374,,,,,,,,,,,,,,,,,,,,,,,,,
Norway,66.5019,63.9711,65.1866,65.7434,62.4259,60.0197,62.5132,62.8481,64.1576,66.9456,66.598,65.9437,62.8204,62.7285,64.4454,63.8217,67.2357,67.8124,70.6015,69.8359,68.1887,65.5804,67.0657,68.6505,70.1498,71.5579,70.179,71.0263,70.7553,68.2965,69.4287,64.5317,65.0029,65.8986,67.1449,70.793,66.9976,68.324,62.6504,63.4129,68.6845,65.6619,67.7977,69.3173,67.6275,64.6295,65.6239,69.2023,66.8734,67.9143,67.6757,69.0462,68.8943,68.1316,66.7414,70.9629,71.3054,69.6484,70.758,71.812
OECD (EI),6.72815,6.77695,6.69709,6.47641,6.35065,6.18477,6.27921,6.23161,5.92769,6.58787,6.71482,6.18053,6.10008,6.34891,6.46222,6.6134,6.87104,7.31068,7.61723,7.38256,7.20281,7.12349,6.96006,6.83016,6.61303,6.83784,6.89121,6.80901,7.12221,6.82614,7.08537,7.02571,7.13164,7.00643,7.01198,6.97793,6.61034,6.7428,6.66542,6.81668,6.95878,7.25971,7.33307,7.94468,8.56597,8.77808,9.46502,10.0101,10.4008,10.7535,11.2158,11.5803,11.9914,12.3201,12.8357,14.6212,14.3924,15.0292,15.8568,16.6237
Oceania,10.6908,10.4076,10.1086,10.0874,10.0078,10.1525,10.874,10.7177,10.2827,10.6493,11.3291,10.321,9.40502,9.78161,10.1037,10.1303,10.1855,9.56333,9.79807,9.9246,9.68227,10.0957,9.70186,9.77362,9.3821,9.5031,9.7003,9.20559,9.65191,9.6917,9.69314,9.24777,8.51751,8.79139,8.19958,8.43642,7.76112,8.20005,7.99672,8.51986,8.19935,8.05115,7.83819,7.43356,8.13253,8.67946,9.82286,9.59183,10.2569,10.0536,10.3475,11.195,10.6764,12.0162,12.2918,14.1239,15.9409,16.9764,17.8863,18.183
Oman,0.01,0.01,0.01,0.01,0.01,0.01,0.01,0.01,0.01,0.01,0.01,0.01,0.01,0.01,0.01,0.01,0.01,0.01,0.01,0.01,0.01,0.01,0.01,0.01,0.01,0.01,0.01,0.01,0.01,0.01,0.01,0.01,0.01,0.01,0.01,0.01,0.01,0.01,0.01,0.01,0.01,0.01,0.01,0.01,0.01,0.01,0.01,0.01,0.000966267,0.000966374,0.00277606,0.00311322,0.0110539,0.0103947,0.0167412,0.10925,0.496417,1.13596,1.14162,1.11518
Other Asia Pacific (EI),14.007,13.2263,12.489,11.6621,11.1041,10.4526,9.79395,9.63536,9.50054,9.1027,9.31995,9.11148,8.81479,8.63297,8.58287,8.13347,7.99321,7.94006,7.77769,7.71162,8.13438,8.4745,9.22868,10.0512,10.5956,11.2739,11.3025,11.9223,12.1927,13.3569,13.785,14.0806,12.7646,13.1587,13.2758,13.5602,13.6883,14.1625,14.1114,14.3624,14.5961,14.9989,17.0898,17.4182,17.1294,18.5226,21.6085,21.2044,24.9028,22.6864,20.3007,22.4295,19.3813,19.9148,17.5753,19.5325,22.482,24.1121,23.2188,24.5488
Other CIS (EI),16.5185,15.9749,15.7372,19.4667,18.0491,19.5865,23.1907,27.5629,37.5329,47.09,46.7569,45.0614,43.2333,42.6616,50.1672,52.0959,50.343,50.1941,53.692,51.0751,49.2718,47.7805,45.2512,40.4117,40.9268,43.1576,43.8135,42.4116,42.8623,40.2479,38.1868,38.0271,40.1695,38.2751,40.0721,38.3353,37.6282,37.2134,38.3025,38.9544,,,,,,,,,,,,,,,,,,,,
Other Caribbean (EI),4.5807,4.56058,4.34877,4.3376,4.32302,3.90088,5.3357,5.0097,4.64037,4.74364,4.70052,5.10718,4.9758,5.13867,5.24309,5.25107,5.33192,5.83719,6.37326,6.12634,6.67782,7.03071,6.98269,7.32231,6.20878,6.54217,6.55191,6.08269,5.26511,4.50619,4.65237,4.84538,4.46123,4.61326,5.25744,4.00153,3.53083,3.52882,3.60275,3.65816,3.50243,2.88569,2.40291,2.45074,2.68113,2.61312,2.79762,3.22466,3.73143,3.23369,3.03567,3.29152,3.99955,3.87456,4.07557,4.9053,5.22256,5.2935,5.26005,5.39852
Other Europe (EI),14.2509,14.9058,15.8781,15.9242,18.5387,16.8545,15.4728,17.1304,15.1642,17.1149,16.1675,16.279,17.931,17.121,16.736,18.4952,16.7667,15.1471,13.202,14.4821,12.972,14.0624,14.3076,13.8855,13.1745,12.1647,16.8877,16.6928,17.7054,23.3295,22.855,26.0991,21.9913,21.8447,25.5124,21.4928,19.8516,18.7672,17.5812,18.667,19.1963,17.4059,14.9465,15.9122,18.1072,21.6498,14.5663,15.8676,19.2696,19.0295,17.6328,18.289,14.8228,19.1588,16.8483,16.1678,20.2568,17.2479,20.7815,19.3457
Other Middle East (EI),2.54638,2.69586,3.18678,3.29106,3.68916,3.24762,2.90368,2.85708,1.40041,2.89677,3.65063,4.32743,4.95443,5.10149,4.9671,5.23389,5.10993,4.50277,3.91739,4.22223,4.0262,3.4553,3.38033,3.22349,3.02234,2.79862,2.63986,2.63091,2.51065,2.43704,2.19046,2.25246,2.10324,2.01795,1.74112,2.09015,2.06632,2.20995,2.05045,2.57984,1.96803,1.98324,1.69865,1.27516,0.968544,1.31518,1.6274,1.88394,1.83472,1.10437,0.571788,1.13806,1.25679,1.69921,2.43564,3.05079,3.50154,4.2213,4.52701,4.9038
Other Northern Africa (EI),0.532098,0.322547,0.418612,0.33619,0.373056,0.346853,0.475795,0.403276,0.408364,0.116913,0.148178,0.214128,0.106628,0.0891993,0.0973937,0.0530504,0.0625455,0.0831222,0.0595337,0.135504,0.19556,0.0911423,0.17881,0.0731979,0.049137,0.0652238,0.156215,0.097629,0.0905879,0.051844,0.047924,0.0803641,0.05076,0.0808513,0.100792,0.090431,0.0788587,0.0951908,0.193581,0.177033,0.164026,0.113261,0.0831725,0.0676848,0.140559,0.146223,0.176774,0.27316,0.347651,0.48322,0.50146,0.522684,0.444762,0.468158,0.577529,0.672345,0.444331,0.417714,0.504451,0.576997
Other South America (EI),7.46704,14.7538,14.8861,15.3928,14.9959,16.6873,19.1936,16.8142,18.5056,18.8362,17.0078,15.9344,16.8189,15.3851,14.6231,21.1189,18.6963,21.0126,26.9246,28.9661,35.8584,50.9943,56.9903,55.7307,58.3971,63.0484,62.6532,61.0624,62.4084,63.9167,63.2836,63.5248,66.4848,66.7985,63.8554,67.4933,66.4822,67.4665,67.0733,64.1475,63.4793,62.5469,62.0767,58.8788,58.0555,58.6492,57.0435,57.1027,57.3719,55.9148,55.9884,57.2346,55.5055,54.5819,51.7809,52.3837,47.3477,47.8091,49.2288,44.7221
Other Southern Africa (EI),5.04611,3.91922,4.8121,5.4705,8.39326,12.2161,11.607,12.9063,12.1142,10.4552,8.4401,8.70126,6.82486,40.1658,37.665,36.843,36.6398,35.413,36.8258,37.3146,35.9608,32.8768,32.8545,30.4749,28.2871,14.929,16.6612,14.0631,13.2249,10.0787,13.9451,12.099,9.49515,11.7377,15.377,15.9668,14.6389,16.0503,15.6497,14.8684,16.3806,15.8578,15.6946,13.8869,13.9033,15.3609,15.2828,14.5833,12.7972,12.8085,12.2556,10.8127,11.8239,10.0346,10.1966,14.2826,11.5633,10.8207,13.3855,15.2342
Pakistan,7.4559,7.40017,7.92371,8.39187,8.81415,7.92216,10.9424,12.5532,12.3958,11.4965,12.6101,13.4891,14.8164,17.203,17.0593,16.1195,15.652,15.9732,17.3222,16.9622,16.764,15.1081,17.7367,17.4991,16.7596,15.6937,15.8509,16.4681,16.3623,15.512,15.541,15.9093,12.2132,14.8978,12.7134,10.7534,10.8294,11.5509,12.7837,12.1149,12.9797,11.9955,11.8398,10.1051,10.1937,10.4359,10.6061,3.98879,10.5592,10.7331,10.4072,10.2857,8.97514,8.87948,10.4383,11.4684,9.92748,10.5707,12.266,12.507
Peru,13.3703,11.7842,12.9793,13.6833,14.797,13.6979,16.8122,19.4065,18.3472,17.4705,17.2844,17.8412,18.371,18.8134,19.4016,18.6931,20.2462,21.326,23.5723,23.9657,26.3562,26.1576,25.8195,25.4761,27.9452,28.0653,31.0699,26.8966,29.8791,29.6885,27.7735,27.7244,28.0912,28.3767,29.1581,31.4502,34.3921,34.2932,35.5189,31.1517,30.8267,33.532,30.6455,27.6062,28.4694,25.5133,24.656,24.8273,24.9908,24.7717,24.8901,23.5597,27.6236,28.247,28.051,31.1132,28.6084,26.155,25.5621,26.6562
Philippines,6.91954,6.15028,6.25326,5.46993,5.35713,6.06401,5.20986,5.61191,5.4199,5.01608,5.10687,6.05523,4.26608,5.42474,6.63261,10.906,15.2406,15.3486,17.1361,22.3431,25.0267,24.8202,20.0086,20.495,19.718,18.7625,17.4447,15.1528,14.5364,15.8695,14.0802,14.3869,13.0176,13.8964,17.887,18.7288,17.2574,16.848,16.6119,17.238,16.6533,19.3182,17.3412,18.3523,17.9173,15.6667,16.8741,17.1768,15.4927,14.8035,14.3747,13.7982,13.1611,12.8306,11.9737,12.8268,12.9478,13.0319,12.9219,12.8184
Poland,0.33125,0.329657,0.343416,0.33538,0.268454,0.51679,0.458746,0.4423,0.433081,0.586175,0.507186,0.400036,0.467464,0.44337,0.404047,0.488231,0.502699,0.373461,0.419421,0.348011,0.435519,0.36172,0.335214,0.345499,0.326111,0.339483,0.356255,0.400398,0.382118,0.459269,0.492053,0.496695,0.519096,0.644382,0.609832,0.644412,0.777099,0.775207,0.642295,0.849453,1.08812,1.203,1.51453,2.15382,2.9232,3.37934,3.95925,5.12995,5.05154,5.92224,6.38676,5.87788,5.92354,5.621,6.71037,7.66329,7.59872,9.36989,11.7518,13.0453
Portugal,23.8041,28.5098,27.5991,25.8734,29.1202,22.0276,21.0518,22.0788,20.8892,21.2311,17.717,13.4955,24.3024,24.9873,24.4701,18.2681,11.8793,14.9917,16.7985,19.3967,21.1291,16.1803,16.9331,20.1455,9.38095,13.7358,13.2476,7.33916,12.1606,14.3336,10.8683,17.7096,15.714,14.3224,8.61942,12.4093,14.8578,9.23266,16.1571,11.4745,7.70113,14.8077,15.4353,14.5534,18.133,26.4015,23.6596,20.9652,28.2021,29.7609,23.685,28.2677,20.6057,26.2005,25.3665,30.6349,32.1967,28.7532,34.6695,39.7408
Qatar,0.01,0.01,0.01,0.01,0.01,0.01,0.01,0.01,0.01,0.01,0.01,0.01,0.01,0.01,0.01,0.01,0.01,0.01,0.01,0.01,0.01,0.01,0.01,0.01,0.01,0.01,0.01,0.01,0.01,0.01,0.01,0.01,0.01,0.01,0.01,0.01,0.01,0.01,0.01,0.01,0.01,0.01,0.01,0.01,0.01,0.01,0.0083046,0.00727736,0.0513918,0.0647229,0.0653996,0.0690002,0.0751449,0.0769517,0.0663235,0.085831,0.0809046,0.192328,0.815896,0.810713
Romania,1.00225,0.967738,1.23692,1.23019,1.51902,1.78506,2.72765,4.23214,3.99715,4.45938,4.51568,3.62696,3.94344,4.15931,4.35776,4.81136,4.83801,4.54083,3.87051,4.40035,4.95546,4.12387,4.1234,5.34094,4.93418,4.32414,6.51661,5.92556,6.65557,7.21153,8.40314,7.9789,9.36215,11.0442,12.1666,9.83569,9.76451,10.0369,8.23863,9.8142,11.9013,10.5777,9.61209,10.3168,10.621,13.8304,10.9974,10.4044,14.5073,17.5132,18.196,18.8674,16.7483,17.7734,17.2974,18.1171,18.1531,17.7831,20.9083,19.1118
Russia,4.66025,4.71141,4.51193,4.39056,4.34172,4.61855,4.71785,5.03355,5.45361,6.03469,6.39026,5.81125,6.27114,6.32527,6.32568,6.35399,6.5946,6.12702,5.73805,6.38721,6.235,5.96169,6.02533,5.53906,6.13006,5.59735,5.2735,5.2257,5.81612,5.53141,5.42264,5.80734,5.76899,5.70892,5.85523,6.67878,6.5864,5.92047,5.91332,5.99939,,,,,,,,,,,,,,,,,,,,
Saudi Arabia,0.01,0.01,0.01,0.01,0.01,0.01,0.01,0.01,0.01,0.01,0.01,0.01,0.01,0.01,0.01,0.01,0.01,0.01,0.01,0.01,0.01,0.01,0.01,0.01,0.01,0.01,0.01,0.01,0.01,0.01,0.01,0.01,0.01,0.01,0.01,0.01,0.01,0.01,0.01,0.01,0.01,0.01,0.01,7.55E-05,7.25E-05,0.000434434,0.000546239,0.0024344,0.00397742,0.00398217,0.0038001,0.00362531,0.00548855,0.0131776,0.0177202,0.078363,0.0825921,0.156793,0.3593,0.728392
Singapore,0.01,0.01,0.01,0.01,0.01,0.01,0.01,0.01,0.01,0.01,0.01,0.01,0.01,0.01,0.01,0.01,0.01,0.01,0.01,0.01,0.01,0.161229,0.153336,0.132532,0.116231,0.0972637,0.275109,0.25643,0.234714,0.205224,0.196857,0.195083,0.185478,0.182948,0.184795,0.172828,0.295218,0.306532,0.340541,0.291511,0.275266,0.24725,0.237878,0.235828,0.22256,0.232692,0.231021,0.241537,0.265392,0.277318,0.292003,0.28383,0.27671,0.273679,0.29326,0.314116,0.337692,0.521348,0.493122,0.545238
Slovakia,5.8014,5.36932,4.57433,3.80165,2.83185,3.86393,2.70349,2.69263,2.21264,3.53847,3.04359,2.95877,3.35785,3.00175,2.43382,2.87093,2.52032,2.23663,2.36754,1.86516,2.46329,1.96657,2.21833,2.00476,2.21007,2.11171,1.76783,2.52923,4.61524,5.89216,6.5111,5.59732,5.48186,5.69638,5.92623,5.923,6.47955,6.65793,4.49883,5.2485,5.65827,6.17739,6.84367,6.2378,7.41049,8.3138,7.50985,8.34884,9.31509,10.1756,9.93064,10.5769,9.896,9.04691,10.5488,11.0393,10.2135,9.67248,10.5529,11.2953
Slovenia,12.0882,14.6674,14.8813,12.808,13.4907,12.2933,13.2168,10.8799,12.1208,13.4149,14.0263,13.1811,11.6192,10.6267,13.6403,11.4382,11.7352,10.8532,12.7456,15.6412,15.2275,12.763,14.7474,17.4511,21.4411,15.6194,16.6306,14.5496,17.2777,17.4304,19.7784,19.6105,15.9118,23.0258,24.7359,,,,,,,,,,,,,,,,,,,,,,,,,
South Africa,0.0290151,0.0280566,0.019459,0.0170197,0.0144636,0.0164766,0.0685257,0.494085,0.542418,0.605992,0.562377,0.902723,0.913069,0.904479,0.525345,0.426764,0.610895,0.349055,0.201719,0.173769,0.189616,0.484306,0.47491,0.843654,0.770578,0.272653,0.538505,0.203526,0.0395742,0.279198,0.131583,0.338192,0.538247,0.450422,0.222541,0.386394,0.512866,0.661481,0.328307,0.326535,0.384132,0.692007,0.722709,0.373111,0.389532,0.309906,0.691854,0.357634,0.397104,0.810189,1.29032,1.48231,2.16007,2.28997,2.23998,2.58229,3.24738,3.64823,3.75716,3.55673
South America,10.356,10.824,11.0465,10.9879,11.3221,12.9026,13.6242,14.4157,14.6871,15.6945,16.8247,17.4511,18.3724,19.2708,20.4802,22.0488,22.4222,23.8353,25.795,27.4552,28.7008,29.3899,30.1237,30.1213,30.5117,31.356,32.3387,31.7543,32.8036,32.8746,32.4858,32.3326,32.3066,32.0009,31.9764,32.4972,30.7449,31.9312,32.9802,32.076,32.7288,32.3518,32.3315,32.0174,33.3337,32.2528,32.3057,30.7673,29.7047,29.405,29.9911,30.9871,32.0023,33.9286,34.8385,37.3235,34.481,36.2775,37.5057,37.8328
South Korea,2.64214,3.02125,2.54308,2.16324,2.75417,2.02741,2.02626,2.02562,1.5372,2.19462,1.76199,1.67397,1.1332,1.31354,1.44779,1.17632,1.52009,1.0031,1.23479,0.984725,1.421,1.23722,1.42417,0.638935,0.87694,1.21087,0.793339,0.627153,0.78045,0.400822,0.476001,0.408134,0.376824,0.617086,0.555756,0.507887,0.292942,0.392748,0.562051,0.498853,0.420561,0.420154,0.476984,0.502393,0.544911,0.629822,0.742798,0.815715,0.99865,1.25937,1.45136,1.65046,1.97145,2.38372,2.80689,3.4663,3.87731,4.33253,4.65986,4.74818
South and Central America (EI),9.11188,9.51507,9.669,9.686,9.98763,11.1155,11.9516,12.4515,12.623,13.5911,14.5857,15.2471,15.9824,16.8902,18.0801,19.5421,19.8474,21.3049,23.1207,24.5516,25.9201,26.6969,27.3445,27.4487,27.6831,28.4412,29.357,28.9074,29.8193,29.7767,29.4497,29.3881,29.2964,28.9291,29.07,29.1396,27.3007,28.2546,29.0364,28.3998,28.9819,28.5795,28.7147,28.7386,29.9794,29.1597,29.3198,28.1868,27.3716,27.087,27.5292,28.4391,29.4398,31.1263,31.7329,34.377,31.9815,33.6255,34.5806,34.8792
Spain,16.379,20.0884,15.4451,15.8044,17.5393,14.758,15.3624,15.8473,11.7728,11.9573,9.94341,7.4995,13.7303,13.8922,14.8355,9.44133,6.99967,8.40309,8.4535,9.66632,9.70728,8.05372,8.0317,9.89784,5.23834,6.81897,7.06004,4.74343,6.2736,6.92714,5.62378,9.15576,7.89668,7.53448,5.34133,6.59801,8.70926,6.01643,9.20689,8.01971,6.44185,7.93348,8.86927,9.97207,12.9129,16.4903,15.3288,15.9172,19.2904,19.4455,16.9773,18.1174,15.3191,17.9229,17.0634,21.9292,22.2717,20.8768,24.822,25.8626
Sri Lanka,9.75981,10.3489,10.3788,11.5517,12.8926,10.4753,11.4749,11.2239,8.89342,14.9116,15.4291,16.1786,16.4785,17.6994,18.0084,18.0735,18.2803,17.3467,13.2827,21.6529,26.3369,27.6498,22.0516,26.6648,29.5933,29.7904,29.5791,25.5895,30.8132,30.6355,31.4035,21.3688,21.9547,23.41,23.2417,16.8226,16.7523,13.9791,16.628,15.2161,15.2436,18.9844,15.7966,17.4419,16.162,21.7935,16.358,11.6102,23.6402,14.6952,18.0686,11.9199,11.1023,16.0293,12.8243,14.8896,21.0046,23.449,20.9689,23.2497
Sweden,33.5262,30.7531,32.567,30.1116,25.7736,24.1407,29.8318,29.9693,31.6769,32.7484,31.0762,27.796,27.4937,25.4375,25.5277,26.3617,27.1013,26.339,30.8196,31.2904,30.0373,25.0062,30.0412,29.9664,31.5277,33.0941,28.996,33.4945,34.0158,26.9966,30.2736,23.689,30.6202,31.5885,31.0106,36.6557,34.2028,31.1034,27.3054,29.3361,33.9114,31.8331,34.1595,36.0481,38.6565,37.3703,38.6759,42.3462,38.2202,39.7032,45.5351,40.9056,41.6255,41.6068,43.7465,51.0558,50.01,52.4335,52.4589,51.3179
Switzerland,37.5734,39.9851,40.627,38.1872,35.2664,33.2476,32.3257,27.3102,27.1006,29.753,33.2507,27.8277,33.9276,31.2159,29.6689,31.1128,33.0104,34.4756,32.2855,28.3911,28.4758,27.9122,29.6491,30.3737,27.0878,25.9019,27.1359,27.2655,29.8948,31.1059,29.6004,25.1214,27.8014,27.2115,31.1224,29.4765,30.7476,28.0207,27.8664,27.0412,26.1397,25.2167,28.119,27.9721,28.1839,27.9695,27.1435,30.4484,29.9263,31.1151,32.1222,31.3756,31.2927,31.434,32.5589,35.5985,37.2757,31.0958,35.636,39.8679
Taiwan,10.2774,9.86882,8.94506,11.4409,8.61776,7.42626,6.3758,7.02272,5.61251,8.12573,8.24816,5.5037,4.70968,4.92453,4.26749,2.59131,4.53939,4.08175,3.83213,3.23065,4.22733,3.96579,3.29189,2.52602,2.58745,3.16408,1.86576,2.9157,1.75669,2.02641,1.87839,1.8043,1.88721,2.10303,1.72277,1.56632,1.73418,1.15801,1.21433,1.22197,1.40863,1.41124,1.53112,1.51317,1.46828,1.53237,1.60431,1.97102,1.96406,1.68757,1.75959,2.16219,2.0891,2.09378,2.61141,2.6758,2.93197,4.23494,5.00499,6.26825
Thailand,7.64539,8.119,9.17138,7.3333,5.16204,7.41396,7.67214,5.3264,5.46538,6.87421,8.62188,8.73697,7.12236,4.3076,6.27595,2.43646,5.67131,7.14491,6.21461,6.24976,5.40672,7.62649,4.89738,4.01735,5.12622,3.87786,3.23566,2.72425,2.09181,2.27755,3.056,2.9783,2.80671,2.24042,1.52097,2.43204,2.43214,2.66187,2.58033,2.20427,2.10755,2.72444,2.83172,2.86234,2.97951,2.75035,3.4417,3.78132,3.80041,4.23954,4.2016,4.61712,5.31763,6.379,6.95058,6.96992,7.03439,7.24794,7.60815,7.40275
Trinidad and Tobago,0.01,0.01,0.01,0.01,0.01,0.01,0.242206,0.175726,0.146797,0.131384,0.150011,0.110215,0.128237,0.160587,0.181753,0.169453,0.117274,0.0945976,0.0861828,0.0710402,0.0898884,0.132222,0.166992,0.132348,0.129545,0.139192,0.112593,0.127648,0.113026,0.12189,0.11591,0.0527033,0.055818,0.0549908,0.0494776,0.0537416,0.0736312,0.0601627,0.0275757,0.0464513,0.0406579,0.0412606,0.0307677,0.0329342,0.0322017,0.0049157,0.00495348,0.00710499,0.00696847,0.00692527,0.00714483,0.00802776,0.00755194,0.00801891,0.00793161,0.00912025,0.00889909,0.0088807,0.00931824,0.0107883
Turkey,6.99203,6.58057,6.62016,7.4522,7.36943,6.1201,4.79096,5.2242,3.82565,4.76824,7.34541,9.08215,8.54813,8.68919,10.1726,10.7766,11.8387,12.0659,9.33059,10.5162,8.71938,7.91129,10.8965,15.4398,9.72518,11.585,11.1378,12.4013,14.5922,13.571,14.1653,14.7565,13.9174,14.3765,12.0904,10.0956,8.6321,10.918,10.7344,13,10.8072,10.8739,8.32599,7.78434,8.47188,11.7104,11.3923,12.0311,13.0333,9.50081,13.673,13.9859,12.6316,14.1298,18.3837,18.1026,15.6962,18.0359,18.3256,19.7855
Turkmenistan,0.00582329,0.00467884,0.00470324,0.00467161,0.00454653,0.00517574,0.00569885,0.00845153,0.0109105,0.00819439,0.0106562,0.00878811,0.0112789,0.0118507,0.0112661,0.00672497,0.005735,0.00662943,0.00511659,0.00456729,0.00483816,0.00468402,0.00505439,0.00537202,0.00365261,0.00349681,0.00350378,0.00337747,0.0047804,0.00562493,0.00657881,0.00730217,0.00781431,0.00688527,0.00713898,0.00563663,0.00559841,0.00526535,0.00562391,0.00666179,,,,,,,,,,,,,,,,,,,,
USSR,3.27731,3.47516,3.189,3.61187,3.82234,3.93169,3.79931,3.52312,3.33601,3.41173,3.10195,3.2169,3.33502,3.69072,3.6415,3.80893,3.78649,3.45521,3.49422,3.79049,,,,,,,,,,,,,,,,,,,,,,,,,,,,,,,,,,,,,,,,
Ukraine,1.07212,1.06143,0.935876,1.16344,1.03206,0.916034,1.08862,0.867308,1.38637,1.78142,1.4995,1.39587,1.65287,2.73754,2.52888,1.98461,2.13828,1.70912,1.59288,2.02276,2.08606,2.13642,1.73624,2.01425,2.40758,2.46363,1.98126,2.02098,2.87795,2.19857,1.85039,2.2772,2.86985,3.28219,3.21996,4.70727,5.89018,7.50286,8.77694,8.29878,,,,,,,,,,,,,,,,,,,,
United Arab Emirates,0.01,0.01,0.01,0.01,0.01,0.01,0.01,0.01,0.01,0.01,0.01,0.01,0.01,0.01,0.01,0.01,0.01,0.01,0.01,0.01,0.01,0.01,0.01,0.01,0.01,0.01,0.01,0.01,0.01,0.01,0.01,0.01,0.01,0.01,0.01,0.01,0.01,0.01,0.01,0.01,0.01,0.01,0.01,0.01,0.00180182,0.00493365,0.00525175,0.00581693,0.0196389,0.0698053,0.0622213,0.0625434,0.153722,0.263157,0.743936,1.08178,1.24289,1.41125,2.51448,2.51935
United Kingdom,0.553517,0.541824,0.583394,0.429143,0.362298,0.494374,0.374538,0.369117,0.400083,0.446892,0.446866,0.517584,0.442903,0.453378,0.457789,0.461833,0.530895,0.552213,0.550071,0.55049,0.460394,0.540149,0.47491,0.546998,0.534327,0.64315,0.577975,0.703686,0.634596,0.78485,0.751747,0.615328,0.787523,0.943347,1.05999,1.08697,1.04321,1.2373,1.19425,1.54878,1.86034,2.04688,2.33725,2.80961,2.98889,3.04327,4.26815,4.86868,6.65543,8.50553,10.5615,10.6591,12.4405,13.9801,15.6844,19.0683,17.4821,19.0724,19.9765,21.2927
United States,4.12671,3.94025,4.29033,4.09157,4.34482,4.15727,4.35934,4.27833,4.11791,4.63769,4.73847,4.31056,3.36353,4.09806,4.06543,4.18955,4.11419,4.98334,5.393,5.06642,4.53265,4.6612,4.01697,3.49525,4.10585,4.51578,4.51892,4.08334,4.37747,4.07643,4.55119,4.79139,4.88418,4.4887,4.38284,3.85593,3.28743,3.85083,4.01204,3.9444,4.05519,4.50196,4.22233,4.83254,5.60116,5.64178,6.65255,6.65208,6.88758,7.01491,7.21923,7.99331,8.7545,8.63965,8.96663,10.1231,10.1159,10.8745,11.2124,12.0505
Upper-middle-income countries,4.12663,4.27652,4.11652,4.55597,4.60068,4.71032,4.55806,4.51508,4.47637,4.71256,4.53532,4.71645,4.84917,5.00273,5.21643,5.54334,5.71592,5.69426,5.85129,6.14519,7.11033,7.13279,7.18878,7.41984,7.38304,7.3481,7.38682,7.54805,8.1511,8.27739,8.66724,8.55896,8.58297,8.86512,8.66179,8.74439,8.61065,8.53683,7.89906,7.96877,7.84878,7.8363,7.80443,8.58385,8.49151,8.93766,8.60196,9.23629,9.45838,10.1308,10.6528,11.2899,11.72,12.3376,13.013,13.6618,14.002,14.9352,15.2688,16.6799
Uzbekistan,3.24398,2.81016,3.95616,4.15865,3.0844,3.56163,3.27783,3.60154,4.04883,3.98093,3.39809,3.47911,3.1041,3.0929,2.72535,2.75036,2.79307,2.77814,3.53244,3.17222,3.29781,2.98614,3.08625,2.21452,3.25301,4.0693,2.69982,3.01963,2.94486,2.78473,2.82682,3.31934,3.69822,2.72953,2.95955,2.29312,2.16712,2.38732,3.10445,4.58173,,,,,,,,,,,,,,,,,,,,
Venezuela,1.98849,2.00718,2.23289,3.47854,3.99506,5.0952,6.58855,6.96287,6.29013,7.53436,8.39968,9.10278,9.39336,9.24424,9.76435,8.93267,8.9063,9.15466,10.5028,11.5514,12.5894,13.0205,16.0054,17.0512,17.1389,17.2099,20.633,20.2279,20.5378,20.4343,19.8999,21.3919,21.5234,21.7025,23.3474,22.9622,20.7048,20.2572,22.8002,23.5925,24.7975,23.6613,22.9629,23.2173,22.6124,21.1514,21.6311,20.2283,20.3915,20.5013,19.8062,18.0152,20.355,22.6498,24.0501,32.0812,28.1573,26.4843,25.759,25.8403
Vietnam,3.21305,2.10716,1.68555,1.81455,1.72824,1.84089,2.11307,1.49788,1.4124,1.89965,2.03467,3.92032,3.94781,5.078,5.8929,7.67092,7.75143,7.51118,5.62615,7.29923,6.68357,5.87013,5.1259,6.64262,15.0158,19.5808,22.6761,23.7614,22.9168,23.8197,23.4674,23.2247,19.5264,17.158,20.617,19.1071,21.0607,19.0663,18.345,14.0078,12.1576,15.7656,16.3493,15.1819,17.0536,13.9309,18.0793,22.488,22.9345,22.2214,17.797,18.6529,23.1168,19.6555,14.9141,17.2762,22.1601,25.3122,21.3879,21.5341
Western Africa (EI),2.31007,4.25941,8.64479,12.9172,15.4565,16.5898,14.1431,14.3059,14.7607,15.2343,14.9365,14.6208,13.6676,11.5394,13.9513,13.2644,11.8287,11.0578,7.32963,7.14469,10.6362,13.0859,12.2564,12.7221,13.0878,13.7005,14.9683,14.2405,13.5594,13.5624,13.8252,13.26,13.5895,10.5913,12.4045,12.3665,11.55,11.0998,10.0762,10.0314,10.3297,9.99056,8.51543,9.01216,9.72073,10.1922,8.87285,8.33519,7.66161,7.44364,5.82968,6.80042,6.60941,6.64443,7.15215,7.04322,6.63477,6.96389,7.74889,7.94232
